"language","title","short_description","full_description"
"fr-FR","UPK – Ultimate Poker Kit","Jeux de cartes poker gratuits entre amis — Bluff, OFC, replayer et stats.","UPK (Ultimate Poker Kit) est une collection de jeux de cartes poker gratuits à jouer entre amis — à la table, sur le canapé ou en ligne — accompagnée d'une boîte à outils pour les passionnés de poker. Sans pub, sans tracking et sans jeu d'argent réel. Jamais.

JOUEZ AVEC VOS AMIS
• Bluff — un jeu de cartes de bluff nerveux. Démasquez les mensonges de vos amis en pass-and-play, ou créez un salon privé et jouez en ligne.
• OFC — l'Open Face Chinese poker, le chouchou des grinders. En pass-and-play ou en ligne entre amis.
• Flip & tirage — des jeux instantanés pour départager n'importe quel débat à la table.

Tous les jeux sont purement récréatifs : aucune mise en argent réel, aucun jeton à acheter, aucun gain.

REVIVEZ VOS MAINS
Reconstituez n'importe quelle main avec le hand replayer intégré : positions, blindes, tapis, action street par street — avec les pourcentages de victoire en direct. Sauvegardez vos mains, rejouez-les et partagez un récap élégant avec vos amis.

SUIVEZ VOS STATS DE JEU
Chaque partie de Bluff et d'OFC alimente vos statistiques personnelles : victoires, parties jouées et records, par pseudo. Réglez une bonne fois pour toutes qui domine vraiment la table.

CONFIDENTIALITÉ PAR CONCEPTION
Connectez-vous avec Google ou Apple en quelques secondes — sans formulaire, sans mot de passe. Nous ne collectons rien d'autre que votre e-mail, un identifiant de compte, votre pseudo et les mains que vous choisissez d'enregistrer. Pas de pub, pas d'analytics, pas de revente de données — et votre compte se supprime en un geste.

Disponible intégralement en français et en anglais."
"en-US","UPK – Ultimate Poker Kit","Free poker card games with friends — Bluff, OFC, hand replayer & game stats.","UPK (Ultimate Poker Kit) is a collection of free poker card games to play with your friends — at the table, on the couch, or online — wrapped in a toolkit for poker lovers. No ads, no tracking, and no real-money gambling. Ever.

PLAY WITH YOUR FRIENDS
• Bluff — a fast-paced bluffing card game. Call out your friends' lies in pass-and-play, or create a private room and play online.
• OFC — Open Face Chinese poker, the grinders' favorite. Pass-and-play or online with friends.
• Flip & draw — instant games to settle any debate at the table.

All games are purely recreational: no real-money wagering, no chips to buy, no payouts.

REPLAY YOUR HANDS
Rebuild any hand you played with the built-in hand replayer: positions, blinds, stacks, action street by street — with live win-chance percentages. Save your hands, replay them, and share a clean recap with your friends.

TRACK YOUR GAME STATS
Every Bluff and OFC game feeds your personal stats: wins, games played and records, per player nickname. Settle once and for all who really runs the table.

PRIVATE BY DESIGN
Sign in with Google or Apple in seconds — no forms, no passwords. We collect nothing beyond your email, an account ID, your nickname and the hands you choose to save. No ads, no analytics, no data resale — and you can delete your account in one tap.

Fully available in English and French."
